streamer,stream,tpm,id
Miko,【 料理配信/カメラ 】パンケーキアートに初挑戦するにぇ！！！！【ホロライブ/さくらみこ】,1.58,IUY1esA47oQ
Miko,【 Minecraft 】ミオみこ運動会準備だにぇ～～～～🏳【ホロライブ/さくらみこ】,1.32,8mOU-hzKE6c
Miko,【 GTAV 】ビリは爆散するデスレースに出場するさくらみこと視聴者の戦い【ホロライブ/さくらみこ】,1.28,aiP8mbN7H0g
Miko,【 Minecraft 】マイクラ運動会、進捗どうですか？？(^▽^)/【ホロライブ/さくらみこ】,1.39,3C2_-q5tVAQ
Miko,【 Minecraft 】ホロライブ大運動会2021 企画はっぴょ～～～～！！！！🏳 hololive Sports festival 2021【ホロライブ/さくらみこ】,1.69,xKcZk7TYmnY
Miko,【 PUBG 】かかってこいや！ゾンビVSみこの戦いだにぇぇぇぇぇ！！！！！！！【ホロライブ/さくらみこ】,1.55,Ej3gxcW5J7Y
Miko,【 Minecraft 】たのちいマイクラやっちゃうにぇ～やっちゃうにぇ～【ホロライブ/さくらみこ】,1.42,CqRpH_WHQ8M
Roboco,【Dark Deception】trick or trea..!?YABA女がいます！助けてください！！！TT【ホロライブ/ロボ子さん】,1.82,XWLt-xC_JT8
Roboco,【NEWお家３D】いつもと違う！？何かを持てたり被れたりするってマ！？【ホロライブ/ロボ子さん】,2.37,2joAPBkvXhI
Roboco,【70万人記念凸待ち】ご主人！あの装備が遂にアップデートされたにゃん！？【ホロライブ/ロボ子さん】,3.32,Use-5bvidbM
Roboco,【Minecraft】ほろ酔いしながらfreedom minecraft✨in holosaba【ホロライブ/ロボ子さん】,3.2,p1K5QreCFRw
Roboco,【Minecraft】ホロEN鯖に我が家建てる💕🏡【ホロライブ/ロボ子さん】,1.58,d--OCnuADmk
Roboco,【APEX】起きてる悪い子だ～～れだ～～？ボク！！！！【ホロライブ/ロボ子さん】,1.45,jgmbhrtIvlA
Roboco,【歌枠】病み上がりだから落ち着く歌を歌うよ【ホロライブ/ロボ子さん】,1.58,JpgIhGY7RkE
Roboco,【Dead by Daylight】本日は２０日！！２０日です！！！～plz kill🔪☺【ホロライブ/ロボ子さん】,2.3,TKWiW_rszTk
Roboco,【#バカタレVSあんシス】今日こそまがれええええええええええええええええええええええええ【ホロライブ/ロボ子さん】,1.17,4HEmW6jsGSQ
Roboco,【Dead by Daylight】10月18日はDBDの日～～plz kill🔪☺【ホロライブ/ロボ子さん】,2.55,vyjvMicrZZo
Roboco,【歌枠】久々に歌っちゃう！！お歌練習したゆう！！【ホロライブ/ロボ子さん】,2.04,zdd5qyEX36U
Roboco,【カメラ有】自炊チャレンジ✨チヂミ作れちゃうんだよね！？もやしいれていい！？【ホロライブ/ロボ子さん】,3.6,rA3_1XvXgtM
Roboco,【Eat Time】楽しくしゃべりながらご飯た～～べよ！！【ホロライブ/ロボ子さん】,2.85,JnCt0wy3JF4
Roboco,【LITTLE NIGHTMARES】完全初見！リトルナイトメア2ここは…どこ？【ホロライブ/ロボ子さん】,5.1,Yv1lIJbIUQ4
Roboco,【Minecraft】そらちゃんのマグマで新たな隠し部屋と隠しスポットを作りたい✨【ホロライブ/ロボ子さん】,1.2,vTg7t2w8Kdo
Roboco,【Slither.io】ミミズで長生きするのは～このボク✨VSみぉ～ん🎄【ホロライブ/ロボ子さん・大神ミオ】,5.08,MbTpjU_Q5v4
Roboco,【開封/初カメラ✨】ヴァイスシュヴァルツ×ホロライブ✨ホロメンのサインを高性能な運で引き寄せられるよね！？【ホロライブ/ロボ子さん】,4.73,inHAAbWA3Jk
Roboco,【耐久】７５万人までもう少し✨久々の歌枠耐久❤【ホロライブ/ロボ子さん】,1.42,PgXDLum8EHU
Roboco,【企画】ろぼさーが考えた！！ロボ子の妄想グッズをみてみてみてえええ💓💓【ホロライブ/ロボ子さん】,4.12,M2maKZs5q2M
Roboco,【オフコラボ】トマトをかけてガチンコ勝負🍅  #あーんしてねねろぼ ❤【ホロライブ/ロボ子さん/桃鈴ねね】,3.44,7YiFrc39AHc
Roboco,【APEX】武器縛りあり！？仲間が強すぎる食費APEX！with rpr ＆TrulySquid【ホロライブ/ロボ子さん】,1.13,ogBTumz33uE
Roboco,【Minecraft】ホロ鯖散策！恐怖のお化け屋敷迷路にボク困惑；；【ホロライブ/ロボ子さん】,3.95,UYkB6z1yKGE
Roboco,【雑談】ボクとまーったり！お喋りしよう💓スパチャ読み雑談【ホロライブ/ロボ子さん】,2.94,6GaYVVFivnQ
Sora,【歌枠】ハロウィンだし小物つけながら歌おうかな【＃ときのそら生放送】,1.05,E2hTb2IUaNU
Sora,【ロマサガ3】トーナメント・・・そして・・・。【#ときのそら生放送】,1.17,JLcTcBvNHDM
Sora,【#ときのそらガルパ配信中day1】ガルパホロライブカップ！開催だ～！,1.45,ud28ndEzcCI
Sora,【告知】アルバム新情報とおしゃべり【＃ときのそら生放送】,1.99,zfP8gae9lHo
Sora,【ダーツ】『世界のアソビ大全51』そらともさんに勝つぞ！！【＃ときのそら生放送】,1.7,xjD54ZH6Bxw
Sora,【ロマサガ3】ミカエルとたのしい世界旅行【#ときのそら生放送】,1.09,gD52EnPpx74
Sora,【雑談】いろんなお話をするのさ～【＃ときのそら生放送】,1.74,PLPtzl_IgiQ
Sora,【Minecraft】ENサーバー見てみたい！！【#ときのそら生放送】,1.43,D90jptI_ilE
Suisei,【シャニマス】オタクトーク炸裂⁉アイマスオタク達の座談会✨【ホロライブ】,1.66,zadL5aYO3Hg
Suisei,【新衣装お披露目】新衣装が(実質)２つ！？(※ウソです) / NEW OUTFIT👗【ホロライブ / 星街すいせい】,5.59,68Fbf4SSFk8
Suisei,【Minecraft】EN鯖を観光させていただきます🌎 / ENserver Sightseeing!✨【ホロライブ / 星街すいせい】,1.09,G83PYhIykmY
Mel,【テイルズ オブ ルミナリア】テイルズ新作！体験プレイするYO✨【ホロライブ/夜空メル】,1.3,tpdZZOp4nfQ
Mel,【Minecraft】もうすぐHalloween！ハコスちゃんとパイをお届け♡【ホロライブ/夜空メル＆Hakos Baelz】,1.73,uOl2yweng1g
Mel,【BIOHAZARD７】心拍数付き！初見バイオ７プレイ♡最終回【ホロライブ/夜空メル】,1.06,uRFW1hL9-ZI
Mel,【スーパー マリオパーティ】仲良く！？ガチボコ！？マリオパーティー！【ホロライブ/夜空メル×桃鈴ねね×大神ミオ×雪花ラミィ】,3.51,GuF-8bsXGrw
Mel,【昼活】出かけるまでの準備！RTA(?)【ホロライブ/夜空メル】,2.66,OXpK93IuDkA
Mel,【AmongUs】声優×Vtuber×絵師たちの宇宙旅行【ホロライブ/夜空メル】,1.69,zllaQIlHJFU
Mel,【BIOHAZARD７】心拍数付き！初見バイオ７プレイ#２【ホロライブ/夜空メル】,2.55,kvi1v_67bng
Mel,【Minecraft】わためとメルのEN鯖探検！【ホロライブ/夜空メル＆角巻わため】,2.31,LRSeRaO02XI
Mel,【同時視聴】「結城友奈は勇者である -大満開の章-」一緒に見よう🌟【ホロライブ/夜空メル】,2.34,0PrcOm1xnjM
Haato,【Slither.io】シコタマ寝れる配信【ホロライブ/はあちゃま】,2.04,TkVh9ZZPe1s
Haato,【お披露目】はあちゃまレストラン開店・・・！？【#HAACHAMACOOKING】,2.34,a70jcMIpP1U
Fubuki,【Phasmophobia】ソロ/ナイトメア幽霊調査いくぞぉ！！【ホロライブ/白上フブキ】,2.77,OWDGjLUuJns
Fubuki,【テイルズ オブ ルミナリア】21の生き様が交錯するRPG【ホロライブ/白上フブキ】,2.4,5hDbnFJGuFY
Fubuki,【グルーヴコースター ワイワイパーティー!!!!】Undertale楽曲をプレイ！！そしてお知らせも！？【ホロライブ/白上フブキ】,2.01,fX3gCWD4LSc
Fubuki,【Phasmophobia】ソロ/ナイトメア幽霊調査【ホロライブ/白上フブキ】,2.95,mI6mcUddYQc
Fubuki,【#ガーディアンズオブホロライブ】『Marvel’s Guardians of the Galaxy』【ホロライブ/白上フブキ】,1.38,1ud8TSVmh98
Fubuki,【#かみぬい】アプデでYABEな事になったPhasmophobia【ホロライブ/白上フブキ/不知火フレア】,2.21,Y12vu-WDloM
Fubuki,【ポケカ開封】１BOX/25th ANNIVERSARY COLLECTION開封【ホロライブ/白上フブキ】,3.63,snrLIr8BGO8
Fubuki,【＃２】スライムもりもりドラゴンクエスト 衝撃のしっぽ団【ホロライブ/白上フブキ】,1.25,a69RSNBRFdI
Fubuki,【#バカタレVSあんシス】マリカで熱くリベンジマッチ！！！【白上視点】,1.43,We-_2azzuNo
Fubuki,【＃５】ヨッシークラフトワールド【ホロライブ/白上フブキ】,1.09,5Q9eeUxYn3c
Fubuki,【＃４】ヨッシークラフトワールド【ホロライブ/白上フブキ】,2.04,NTmH-6uvYPc
Fubuki,【Dark Deception】セクシーなナースに追われて夜しか眠れない。【ホロライブ/白上フブキ】,2.19,vsS8SxjNUT0
Fubuki,【Dark Deception】YABEすぎおるピエロおる。【ホロライブ/白上フブキ】,1.87,p4TAtSH51K0
Fubuki,【ポケカ開封】10000円☓５枚の高額オリパを開封して爆アドになれるか！？【ホロライブ/白上フブキ】,2.87,3qC33HE2xuI
Fubuki,【Dark Deception】洋館にて海賊おじとの再戦【ホロライブ/白上フブキ】,2.42,bF4IWeDeZUg
Fubuki,【Minecraft】直下堀りダイヤモンドブロック大戦【#バカタレサーカス】,1.64,Z6aIttfCnq0
Fubuki,AfterBirthdayの追加情報も!?皆でお誕生日カウントダウン‼【ホロライブ/白上フブキ】,2.46,hxPERhRBsU4
Fubuki,【APEX】500ダメージ出せたら俺の勝ちぃ！！！【ホロライブ/白上フブキ】,1.65,zAwbSSgShO8
Fubuki,【ヴァイスシュヴァルツ】ホロライブブースターパック10BOX開封勝負‼‼‼【ホロライブ/白上フブキ】,2.66,gI3ZxCLq9Sc
Aki,！？？？？？？？？？【アキロゼ/ホロライブ】,1.63,riJpUaTuMoc
Aki,【#アキロゼ新衣装】ゲーム？スポーティー？キャンプ？！とにかく可愛い！【Aki Rosenthal/ホロライブ】,1.91,z6D1hB-LlTY
Shion,【開封/カメラ枠】ホロヴァイス開封！！サインほしい！！【ホロライブ/紫咲シオン】,1.92,ut4HpdaFwwE
Shion,【Minecraft】ハバ卒EnglishでEN鯖へ！！with Gura！【ホロライブ/紫咲シオン】,1.32,hpQmoB8xLKo
Aqua,【ガルパ】リズム音痴でもよゆうだよね・・・・？【#湊あくあガルパ配信中day2】,2.55,X3cGbCqErEg
Aqua,【JRA公式】キリトになって天皇賞・秋(GI)を本気で勝ちに行く！【湊あくあ/ホロライブ】,1.6,IHrFrUhe6AE
Aqua,【近況報告】ううううううううう！【湊あくあ/ホロライブ】,1.15,HDgGnLYbaD8
Aqua,【ガルパ】湊あくあがガルパとコラボってマ！？【#湊あくあガルパ配信中day1】,3.28,ZRORXVf4ers
Aqua,【歌枠】げりらだがかんけいない！うたう！【湊あくあ/ホロライブ】,1.22,DmURJdzr-Cc
Aqua,【Minecraft】EN鯖へ！！さいとしーいんぐ！！【湊あくあ/ホロライブ】,2.5,yQq3KLXypwQ
Aqua,【Minecraft】ゲリラあああああああああああああああああ【湊あくあ/ホロライブ】,2.44,1OrAfIm7W4E
Aqua,【雑☆談】たいへんなことがおきた！【湊あくあ/ホロライブ】,1.37,7F6_vyyMMrE
Aqua,【歌枠】歌ってみた動画あげたよおおおお！！KARAOKE♪【湊あくあ/ホロライブ】,1.22,D3ll-berrTY
Aqua,【開封配信】ヴァイスコラボで自分のサイン出るまで開封！【湊あくあ/ホロライブ】,1.86,Yp3wIxQUtpA
Subaru,【#３】シリーズ初見！！！龍が如く極するしゅばああああああああああああ！！！！！！：YAKUZA KIWAMI【※ネタバレあり】,1.21,4iAiwgEcTmg
Subaru,【#生スバル】マイクラするしゅばあああああああああああああああああああ！！！！！：MINECRAFT【ホロライブ/大空スバル】,1.54,g05bmY0mkG4
Subaru,【#生スバル】マーベルのド新作ゲームプレイするしゅばあああああああああああ！！！！！！！：Marvel’s Guardians of the Galaxy game 【ホロライブ/大空スバル】,1.49,YSowdwODds4
Subaru,【#２】シリーズ初見！！！龍が如く極するしゅばああああああああああああ！！！！！！：YAKUZA KIWAMI【※ネタバレあり】,2.05,yRBQUCG-ZX8
Subaru,【#生スバル】おはすば/free talk【ホロライブ/大空スバル】,3.57,mIVZ2RbcMLY
Subaru,【ご褒美】ポケモンセンターで爆買いしてきたしゅばああああああああああああああ！！！！/Open pokemon goods【ホロライブ/大空スバル】,2.64,_Sn1iVjaN5c
Subaru,【#５】カスタムロボV2やるしゅばああああああああああああああ/CUSTOM ROBO V2【ホロライブ/大空スバル】,1.65,1sp9H3t8-Os
Subaru,【#カプとれ】地元最強のクレーン捌きをみるしゅばああああああああああ！！！！/crane game【ホロライブ/大空スバル】,3.83,FFDWylrdAIo
Subaru,【#生スバル】おはすば/free talk【ホロライブ/大空スバル】,1.37,8wUiBGD5rqE
Subaru,【視聴者参加】方言マリオカート1時間以内に1位目指すしゅばああああああああああああああああああああ！！！！！：Mario Cart【】,1.45,p9gcnFmaPrQ
Subaru,【#スバルーナ】ヴァイスシュヴァルツ初開封対決！！！！！！！：Subaluna Card Opening Showdown【ホロライブ】,3.99,EGgV3ZxzY48
Subaru,【#大空スバル３周年】おまたせ！今日はたのしんでってな～！！！！：SUBARU 3rd anniversary Live【ホロライブ】,1.85,mhvHZpK-9Ss
Subaru,【#生スバル】めちゃめちゃ久しぶりのマイクラっするしゅばああああ！！！！！！/MINECRAFT【ホロライブ/大空スバル】,3.0,gFUpshFisw0
Subaru,【シャニマス】新人Pの大空スバルです！！！かなたPよろしくお願いします！！！！！/THE IDOLM@STER SHINY COLORS【ホロライブ】,1.43,9TuoUTu_Qvk
Subaru,【#生スバル】おはようスバル/FREE TALK【ホロライブ/大空スバル】,3.48,jj0ZbUKpBTs
Subaru,【#生スバル】ずっっっとやりたかったリトルナイトメアするしゅばあああああああああああ！！！：LITTLE NIGHTMARES【ネタバレあり】,2.53,ByQZhUyftBk
Korone,【#ころらみ】『Mr.タスク(吹替版)』を一緒に見よう♪【TUSK Watch along!】,1.54,LJ6qZkXC3uc
Korone,【It Takes Two】後半戦！！２人でクリア目指すど！！！【#ころらみ/ホロライブ】,2.12,wWuYFEbbtSE
Mio,【 #朝ミオ 】秋といっしょにランデブー！おはみぉーん！,3.7,8dso3IUCQb8
Mio,【 #朝ミオ 】１０月初めての朝みおーん！あれ？おかしいな・・,4.53,onghreweOGw
Noel,【#白銀ノエル新衣装】なんか脇から毛が生えている...？【白銀ノエル/ホロライブ】,2.14,sU035Ii_Scw
Pekora,【カメラ/開封】ポケカ25thとか色んなパックたくさん開封する！！！！！！！ぺこ！【ホロライブ/兎田ぺこら】,1.49,cqS4E-8gSo4
Pekora,【赤マント】ほんとに怖いらしいホラゲーをプレイする！！2021特別編ぺこ！【ホロライブ/兎田ぺこら】,1.72,gxRFQDXYeWY
Pekora,【おはよう】目覚めよ、ぐっどもーにんぐ兎田【ホロライブ/兎田ぺこら】,1.1,kvPkOuhXL64
Pekora,【STRANGER OF PARADISE FINAL FANTASY ORIGIN】体験版第二弾！スクエニ本社さんで遊ばせて頂きました！ぺこ！【兎田ぺこら/ホロライブ】,3.42,A9yH8Wirukc
Pekora,【壺男】10分切りチャレンジ -初日- ぺこ！【ホロライブ/兎田ぺこら】,1.73,kiwpA0pwyd0
Flare,"【マインクラフト/Minecraft】拝見！EN鯖！go to see, EN server👀💕【不知火フレア/ホロライブ】",1.09,352MT2Im9b4
Marine,【一か月ぶり】イラスト付きお休みレポート雑談【ホロライブ/宝鐘マリン】,1.0,Wgb3Az8w-Pw
Luna,【 #スバちょこルーナ１周年 】マシュマロ雑談！このあと歌ってみた公開するよー！✨【ホロライブ】,3.89,PS2fAMKMrDg
Luna,【 #姫森ルーナ誕生祭 】たくさんお祝いして欲しいのら！💗Luna's Birthday Live【ホロライブ】,4.54,cEJGu0wlFt8
Luna,【 #姫森ルーナ誕生祭 】🎉一緒にバースデーカウントダウン！！！🎉【ホロライブ】,3.45,KryxsOI_-yo
Luna,【 重大告知 】70万人達成するのらーーー！！💗【#姫森ルーナ/ホロライブ】,1.23,sck4jbfojoI
Watame,【ただいま！】３連休を終え、我は...帰ってきた...！【角巻わため/ホロライブ４期生】,1.99,e_60QPLBnEw
Watame,【Phasmophobia】かわいいアーニャとかわいいイナと幽霊調査！！【角巻わため/ホロライブ４期生】,3.34,hgbbqvnVuqs
Watame,【Minecraft】メル先輩と癒しのEN鯖旅行！【角巻わため/ホロライブ４期生】,2.87,Pac9AiEPWig
Watame,【雑談】もうすぐソロライブだで...！【角巻わため/ホロライブ４期生】,1.31,jQQqJCRQNUE
Kanata,【マリオカート8DX】レート7000行くまで終われません！！【天音かなた/ホロライブ】,1.4,riWx6ZdYqpY
Kanata,【ガチ質問コーナー】天使の日！！質問104個答えます！！【天音かなた/ホロライブ】,5.84,kLUUdsGpq2w
Kanata,【ガチ質問コーナー】天使の日！！質問104個答えます！！【天音かなた/ホロライブ】,5.52,FtszGfMeq1E
Towa,【Battlefield V】初めてのソロBFV！今日は視聴者のみんなと一緒に【ホロライブ/常闇トワ】,2.07,bhtFoRo_16c
Towa,【Minecraft】EN鯖へ行きたい！！！！！！！！！！！！！【常闇トワ/ホロライブ】,3.43,SFEKquPzYgs
Towa,【Back 4 Blood】トワについてきな w/ヌンボラ、selly、mondo【#極悪PURPLE】,1.78,TFjjCSLY34w
Towa,"【Battlefield V】秋のBF Streamer Cup w/Cpt,ヌンボラ,獅白ぼたん【常闇トワ視点】",2.23,1lJFnEoiU1s
Towa,【Back 4 Blood】#ぺこトワぼた　でゾンビを大量討伐【常闇トワ視点】,1.44,IVqS6Ri6IbY
Towa,【振り返り雑談】第七回CRカップ優勝した！！【常闇トワ】,1.42,V7cg8nKWVuU
Towa,【APEX】#CandyPOPWIN　🍬秋のCRカップ本番！【常闇トワ/ホロライブ】,1.8,HTP1N6zPUcQ
Towa,DAY1【APEX】秋のCRカップカスタム🌟👾🧸【常闇トワ/ホロライブ】,1.66,VaOg1GfP2VI
Lamy,【晩酌】1日早めのハロウィンパーティー！【雪花ラミィ/ホロライブ】,1.51,_Nb1A1Bwh6s
Lamy,【Diablo II: Resurrected】ハロウィン間近だし仮装しながら夜ブロしますか！！！【雪花ラミィ/ホロライブ】,1.0,qm5_qeAqPgU
Lamy,【雑談】まったりのんびり話そう～！【雪花ラミィ/ホロライブ】,1.0,hUD9Q97IH2I
Lamy,【初おうち3D】のんびりまったり雑談！【雪花ラミィ/ホロライブ】,2.43,jc_qxiJH_f0
Lamy,【Minecraft】EN鯖で初めての夜釣り晩酌！【雪花ラミィ/ホロライブ】,1.97,qsU8lMdm2j8
Lamy,【Fall guys】リスナーさん参加型！フォールガイズ【雪花ラミィ/ホロライブ】,2.32,GY6sDsHNu9U
Lamy,【Minecraft】イナちゃんとEN鯖デート♡【雪花ラミィ・Ninomae Ina'nis/ホロライブ】,1.98,Cc2EMy97frA
Lamy,【Minecraft】道の舗装をのんびりしていく！【雪花ラミィ/ホロライブ】,1.2,_iyxX2ePBXI
Lamy,【Fall guys】まだ見たことのない景色が見たいんだ【雪花ラミィ/ホロライブ】,2.08,2exWlQNA9_I
Lamy,【Minecraft】ないしょのマインクラフト【雪花ラミィ/ホロライブ】,1.8,nzFreV-uYn8
Lamy,【It Takes Two】ころらみで楽しく協力プレイだ～！！【#ころらみ/ホロライブ】,1.18,DCVUgxGQ70c
Lamy,【ネタバレあり】リトルナイトメア2｜真エンディング攻略！【雪花ラミィ/ホロライブ】,1.95,E9gP-A7SSi0
Lamy,【雑談】ちょこ先生と食べるご飯は最高でした！！【雪花ラミィ/ホロライブ】,1.0,KsQiJQlec2g
Lamy,【Minecraft】建築の時間じゃい！！【雪花ラミィ/ホロライブ】,1.2,E3iKfy7VX8s
Lamy,【朝活雑談】最近のお話し色々～！【雪花ラミィ/ホロライブ】,1.11,XRUHSfWJwoU
Lamy,【ネタバレあり】完全初見！リトルナイトメア2（Little Nightmares2）【雪花ラミィ/ホロライブ】,1.14,n3AJu9bZ4cE
Lamy,【Diablo II: Resurrected】ディアブロ2 リザレクテッド ～ACT2～【雪花ラミィ/ホロライブ】,1.01,u9hoIK-QmoE
Lamy,【Diablo II: Resurrected】そうだ、朝ブロ配信をしよう。【雪花ラミィ/ホロライブ】,1.56,ojyAspV5XgM
Lamy,【ヴァイスシュヴァルツ】ブースターパック開封式！！（注：カメラ有）【雪花ラミィ/ホロライブ】,1.5,H81zdEeGZ84
Lamy,【ネタバレあり】リトルナイトメア DLC ～キッド編～【雪花ラミィ/ホロライブ】,1.98,lWov0-6-hTQ
Lamy,【ネタバレあり】LITTLE NIGHTMARES -リトルナイトメア- ラミィ、初めての脱出！【雪花ラミィ/ホロライブ】,2.48,8b1iarMZqpE
Lamy,【Diablo II: Resurrected】ディアブロ II リザレクテッド、初プレイ！【雪花ラミィ/ホロライブ】,1.35,BrIxX9e2B2Q
Polka,【Clubhouse Games: 51 Worldwide Classics/世界のアソビ大全】REVENGE!IKZ!!! #polreine【尾丸ポルカ/Pavolia Reine/ホロライブ】,1.82,0dPnuQx8Sxo
Calli,【MINECRAFT COLLAB】HOLODEATH's First Adventure! with Rushia and Ollie! #hololiveenglish,1.2,eXcLUe--2mE
Kiara,【MINECRAFT】O'RIENDS REVIVAL🍊💖🍊 #kfp #キアライブ,1.48,5wYqdt1aqNY
Ina,【Minecraft】 EN Server Tour with Matsuri-senpai!,2.49,K4wmf_Sft18
Ina,【Phasmophobia】 Chilling with Anya and Watame Senpai!...and Some Ghosts?!,2.43,-cwskvIE-QM
Ina,【Minecraft】 EN Server Date with Lamy~! ♥,2.14,Isp3UhgOAB4
Risu,【#VSRisu】VOICE ACTING BATTLE : VS RISU FIRST EPISODE !!!【Ayunda Risu】,2.83,KW3dW1PL8vs
Risu,【Minecraft】MINECCCRRRRRAAAAAAAAAAA【Ayunda Risu】,1.28,Q1dgapyCSIY
Risu,【#holoIDServerGORelay】WELCOME TO HOLOID MINECRAFT SERVER OPENING RELAY !!!【Ayunda Risu】,3.42,QRNqybLApVk
Risu,【hololiveID】FREE TALK : RISU JAJAN / I BOUGHT STUFF FROM MINI MARKET【Ayunda Risu】,1.7,J0EuiEbCX24
Moona,【Minecraft】Build and Chill on holoID Server!【#MoonArchitect】,1.1,Hw9gd2xUq0I
Moona,【#holoIDNewCostume 】Our new costume! and...【Area15】,1.1,niIjYTraSN8
Moona,【#holoIDNewCostume】Baju Baru?! Moona Fashion Show Time!!!【Moona】,1.08,6OQaEVpzgL8
Moona,【Minecraft】holoID Server Grand Opening Relay!!! Moona Time!!!【#holoIDServerGORelay】,3.73,9bP34QmHIKc
Iofi,【 Resident Evil 2 】..................................................【 イオフィ /Airani Iofifteen 】,2.72,AqzJrRkjfUk
Iofi,Monster Hunter Stories 2: Wings of Ruin ! Let's Meet Our Monsties for The First Time !,1.42,qZvbys7Aj_E
Iofi,【 Phasmophobia 】Hahahahahahaha I m die forever thank you so much【 イオフィ /Airani Iofifteen 】,1.25,wNosQO9JeEo
Iofi,#友希那誕生日 YUKINA SPECIAL BIRTHDAY GACHA 43300 STARS ! 友希那ちゃんを迎えに行くぞー！！！#ガルパ,1.96,z04Utk45oWw
Iofi,Superchat dan Ngobrol Random ! Any Languages Are Welcome 🎨,1.19,sWI0SLeRyIs
Iofi,Selamat Hari Rabu dan Rebo Nyunda!,1.15,rJ-GgDapK8U
Iofi,スーパーバニーマン！今度こそクリアするよな？な？な？な？【荒咬オウガ　Airani Iofifteen】,2.26,zb60YSAjeBo
Iofi,【＃わたフィ】Love Love Watafi~ 建物を作ろう～！！！【hololiveID】,1.43,NAxtSq43EtQ
Iofi,"【AREA 15】Spooky October~! Halloween Mau Jadi Apa Nih? 【 iofi , Moona, Risu 】",2.75,NmvG9VM2AF8
Iofi,【 BanG DREAM 】Hehehehehehehehehe【 Iofi イオフィ】,1.32,tdIVpAH6las
Iofi,【 Senin Produktif 】Long Time No See! Mari Corat Coret di Hari Senin~【 iofi / イオフィ 】,1.64,DyVgan33q-Q
Iofi,#holoIDServerGORelay ! Halo Semua! Welcome~! Kira-kira Kita Mau Bikin Apa Ya?,3.65,PMdNeBp0QTs
Reine,【Minecraft】GABUT BUILDING (ID server)【Pavolia Reine/hololiveID 2nd gen】,1.17,PzUmqoIepZI
Reine,【Mie Time】Noodles with @Siska Leontyne 【NIJISANJI ID】 【Pavolia Reine/hololiveID 2nd gen】,1.69,l2Ju2FOpZS0
Reine,【#holoIDServerGORelay】GRAND OPENING RELAY! Welcome to holoID Server! 【hololiveID 2nd gen】,3.87,6ieEzuCWFjs
Reine,インドネシアでお料理！？HAACHAMANDONESIAN with HAACHAMA【hololiveID 2nd gen】,2.15,nP04fYGHG4A
Anya,【PHASMOPHOBIA】G L O B A L GHOST HUNTING【hololive Indonesia 2nd Generation】,1.83,C5WR1C3UNqQ
Anya,【#holoIDServerGORelay】WELCOME! It's here... the holoID Server! Grand Opening Relay!! 【holoID 2ndGen】,3.08,eFVPWdNWDOM
Ollie,【MINECRAFT】NEW PROJECT IN THE HOLOID SERVER??【Hololive Indonesia 2nd Gen】,2.03,Ql82I4OsZtQ
Ollie,【Clubhouse Games: 51 Worldwide Classics】WHEN CHESS PLAYER MEETS SHOGI PLAYER【Hololive ID 2nd Gen】,1.69,qXzqwq0ojw0
Ollie,【OVERCOOKED 2】FAMILY RESTO OPEN!! ORDER UP!!【Hololive Indonesia 2nd Gen】,1.62,zAc8nI2xtoE
Ollie,【APEX LEGENDS】KUKU... KU KU KUREIJI?!?! KUKUREIJI TEAM HERE TO WRECK!!【Hololive Indonesia 2nd Gen】,1.0,fTLKapwwmo4
Ollie,【MINECRAFT】HOLOID MINECRAFT SERVER IS HERE!! LET'S OPEN IT WITH A BANG!!【Hololive Indonesia 2nd Gen】,3.38,55pQnVpvnnA
Miyabi,【#花咲みやび3D】いつか花咲く、その日まで【花咲みやび/ホロスターズ】,4.14,P14PMe0GUzQ
Aruran,【Apex Legends】これがほんとのバウンティハンター～食事代縛りペクス～【花咲みやび/岸堂天真/アルランディス/ホロスターズ】,1.04,RNd2eZadvl4
Rikka,#1【LITTLE NIGHTMARES-リトルナイトメア-】初見で行く【律可/ホロスターズ】#りつすた,2.07,GDYsWU4uqto
